<metadata xml:lang="en"><dataIdInfo><resMaint><usrDefFreq><duration>Never</duration></usrDefFreq><maintFreq><MaintFreqCd /></maintFreq></resMaint><idPoC><rpCntInfo><cntOnlineRes><protocol /><appProfile /><linkage /><orDesc /><orName /></cntOnlineRes><faxNum /><cntAddress><city /><postCode /><adminArea /><eMailAdd>geomatics_data@environment-agency.gov.uk</eMailAdd><delPoint /><country /></cntAddress><cntHours /><cntInstr /><voiceNum /></rpCntInfo><rpIndName>Environment Agency</rpIndName><rpPosName /><role><RoleCd /></role><orFunct><OnFunctCd /></orFunct><rpOrgName>Environment Agency</rpOrgName></idPoC><mdLang><languageCode /></mdLang><idCitation><resTitle Sync="FALSE">SJ48sw_DTM_2m.tif</resTitle><citOnlineRes><linkage /></citOnlineRes><resAltTitle /><citRespParty><rpCntInfo><cntOnlineRes><protocol /><appProfile /><linkage /><orDesc /><orName /></cntOnlineRes><faxNum /><cntAddress><city /><postCode /><adminArea /><eMailAdd /><delPoint /><country /></cntAddress><cntHours /><cntInstr /><voiceNum /></rpCntInfo><rpIndName /><rpPosName /><role><RoleCd /></role><orFunct><OnFunctCd /></orFunct><rpOrgName /></citRespParty><otherCitDet /><date><reviseDate>2021-04-09T16:31:59</reviseDate></date><citId><identCode /><identAuth><citId><identAuth><citId><identCode /></citId></identAuth><identCode /></citId></identAuth></citId></idCitation><dataExt><exDesc /><tempEle><TempExtent><exTemp><TM_Period><tmEnd /><tmBegin /></TM_Period><TM_Instant><tmPosition /></TM_Instant></exTemp></TempExtent></tempEle><tempDesc /></dataExt><dataScale><scaleDist><value /></scaleDist><equScale><rfDenom /></equScale></dataScale><dataLang><languageCode /></dataLang><suppInfo /><placeKeys><keyword>SJ48sw</keyword></placeKeys><maintCont><rpCntInfo><cntOnlineRes><protocol /><appProfile /><linkage /><orDesc /><orName /></cntOnlineRes><faxNum /><cntAddress><city /><postCode /><adminArea /><eMailAdd /><delPoint /><country /></cntAddress><cntHours /><cntInstr /><voiceNum /></rpCntInfo><rpIndName /><rpPosName /><role><RoleCd /></role><orFunct><OnFunctCd /></orFunct><rpOrgName /></maintCont><idAbs>The LIDAR Composite DTM (Digital Terrain Model) is a raster elevation model covering &gt;90% of England at 2m spatial resolution.

Produced by the Environment Agency in 2020 this dataset is derived from a combination of our Time Stamped archive and National LIDAR Programme which has been merged and re-sampled to give the best possible coverage.

The LIDAR Composite contains surveys undertaken between 12th March 1998 and 1st September 2020. Where repeat surveys have been undertaken the newest, best resolution data is used. Where data was resampled a bilinear interpolation was used before being merging.

Please refer to the supplied survey index shapefile which shows for any location, what LIDAR data went into the production of the LIDAR composite for a specific location. The survey index shapefile contains informaiton including the exact date of survey and source resolution of data.

The DTM (Digital Terrain Model) is produced from the last return LIDAR pulse. We remove surface objects from the Digital Surface Model (DSM), using bespoke algorithms and manual editing of the data, to produce a terrain model of just the surface.

The elevation are presented in metres referenced to Ordinance Survey Newlyn, using the OSTN 15 and OSGM 15 transformation models. The LIDAR elevations have a vertical accuracy of +/-15cm RMSE.</idAbs><searchKeys><keyword>LIDAR Composite 2020</keyword><keyword>2m</keyword><keyword>Digital Terrain Model (DTM)</keyword><keyword>Last Return</keyword><keyword>SJ48sw</keyword><keyword>LIDAR</keyword><keyword>Elevation</keyword><keyword>OSGM'15</keyword><keyword>OSTN'15</keyword><keyword>Environment Agency</keyword><keyword>Open Data</keyword></searchKeys><idCredit>Environment Agency copyright and/or database right 2020. All rights reserved.</idCredit><resConst><Consts><useLimit>Data is available to reuse under the Open Government Licence. For further information please refer to:
http://www.nationalarchives.gov.uk/doc/open-government-licence/version/3/

When re-using these data you must include the following attribute statement:
'Environment Agency copyright and/or database right 2020. All rights reserved.''</useLimit></Consts><LegConsts><useLimit /></LegConsts></resConst><idPurp>This raster forms part of the LIDAR Composite 2020 2m Digital Terrain Model (DTM) produced by the Environment Agency.</idPurp></dataIdInfo><Esri><CreaDate>2021-04-09</CreaDate><ModDate>2021-04-09</ModDate><ArcGISFormat>1.0</ArcGISFormat><scaleRange><maxScale /><minScale /></scaleRange><CreaTime /><PublishStatus>editor:arcpy_metadata</PublishStatus><ArcGISProfile>ISO19139</ArcGISProfile><ModTime /><ArcGISstyle>ISO 19139 Metadata Implementation Specification</ArcGISstyle></Esri><dqInfo><dataLineage><dataSource><srcDesc /><srcRefSys><identAuth><citId><identCode /></citId></identAuth></srcRefSys></dataSource></dataLineage></dqInfo><distInfo><distFormat><formatName>Geotiff</formatName></distFormat><distTranOps><onLineSrc><linkage /><appProfile /><orFunct><OnFunctCd /></orFunct><protocol /><orName /><orDesc /></onLineSrc></distTranOps></distInfo><eainfo><detailed><enttyp><enttypl /></enttyp></detailed></eainfo><dataSetURI /></metadata>